{"segment_length": 0.95, "span": 0.595, "layer_width": 0.071, "layer_height": 0.007, "layer_count": 81, "print_length": 58.047162956152924, "volume": 0.028849439989208, "segment_number": 4.0, "robot_spawnpoint": [0.275, 0.0, 1.03276], "lift_height": 0.3}